fold,train_start,train_end,validation_start,validation_end,naive_mae,naive_rmse,linear_mae,linear_rmse
1,2010-03-26,2019-11-12,2019-11-13,2019-11-21,144.14285714285714,176.5773808520543,198.76797745245477,230.83784302853567
2,2010-03-26,2019-11-21,2019-11-22,2019-12-02,147.0,177.2943476659245,131.70938263094263,159.35882424959948
3,2010-03-26,2019-12-02,2019-12-03,2019-12-11,291.85714285714283,296.6448092536643,272.1035019709089,276.2471284756529
4,2010-03-26,2019-12-11,2019-12-12,2019-12-20,335.7142857142857,338.16226029188164,189.25506045061496,195.00643938003356
5,2010-03-26,2019-12-20,2019-12-23,2020-01-08,160.0,200.47800021805028,106.86154787145675,130.85774878304088
6,2010-03-26,2020-01-08,2020-01-09,2020-01-17,157.85714285714286,170.81192664950035,129.54825102692382,152.3208439401154
7,2010-03-26,2020-01-17,2020-01-20,2020-01-28,138.42857142857142,143.74034129041755,140.07253922778494,144.1589992311917
8,2010-03-26,2020-01-28,2020-01-29,2020-02-06,50.142857142857146,62.693130177305484,80.95881975169371,88.8734733164745
9,2010-03-26,2020-02-06,2020-02-07,2020-02-17,68.28571428571429,70.4718788899921,47.307621352521544,53.53757085319132
10,2010-03-26,2020-02-17,2020-02-18,2020-02-26,72.42857142857143,74.39566039571316,60.02862065397867,63.164712489240564
11,2010-03-26,2020-02-26,2020-02-27,2020-03-06,64.71428571428571,72.61935987442624,43.882350083619144,49.333345485838066
12,2010-03-26,2020-03-06,2020-03-09,2020-03-17,21.428571428571427,26.142466819880855,21.783300731008417,24.33560910559615
13,2010-03-26,2020-03-17,2020-03-18,2020-03-26,36.142857142857146,46.17513245398282,64.64682118262773,68.94241246415086
14,2010-03-26,2020-03-26,2020-03-27,2020-04-06,71.71428571428571,83.3409520326849,103.20779145780226,107.62723844631854
15,2010-03-26,2020-04-06,2020-04-07,2020-04-17,78.57142857142857,91.97359869627184,110.54275991816282,122.25252671702165
16,2010-03-26,2020-04-17,2020-04-20,2020-04-28,102.28571428571429,104.989795422494,110.08956779747943,117.14318931834106
17,2010-03-26,2020-04-28,2020-04-29,2020-05-07,161.57142857142858,170.1868720805792,165.71720273894545,174.38442376038356
18,2010-03-26,2020-05-07,2020-05-11,2020-05-19,69.28571428571429,77.43107534169617,45.60803696153654,55.346038677658555
19,2010-03-26,2020-05-19,2020-05-20,2020-05-29,130.14285714285714,145.5899329329764,99.71190966641893,117.91175517232614
20,2010-03-26,2020-05-29,2020-06-01,2020-06-09,420.7142857142857,458.7444044033982,269.0771555140262,329.53376879324026
21,2010-03-26,2020-06-09,2020-06-10,2020-06-18,627.1428571428571,649.4234805909447,407.7548194038718,433.6883592140864
22,2010-03-26,2020-06-18,2020-06-19,2020-06-29,193.85714285714286,202.93102276389385,117.91204244043918,137.81551102505838
23,2010-03-26,2020-06-29,2020-06-30,2020-07-08,121.42857142857143,157.50555545757743,119.41589564367321,128.34740315418406
24,2010-03-26,2020-07-08,2020-07-09,2020-07-17,321.7142857142857,337.7551945249272,159.05272961135873,188.8283280319732
25,2010-03-26,2020-07-17,2020-07-20,2020-07-31,176.42857142857142,203.67866849525504,146.07930748581552,156.69285682430325
26,2010-03-26,2020-07-31,2020-08-03,2020-11-09,111.28571428571429,115.32129031536198,35.936296187545295,40.781467891178124
27,2010-03-26,2020-11-09,2020-11-10,2021-02-18,124.0,163.9695093607345,166.9741950971849,245.0016955349711
28,2010-03-26,2021-02-18,2021-02-19,2021-03-01,137.0,170.4494059831245,167.34160168694504,224.90266684940283
29,2010-03-26,2021-03-01,2021-03-02,2021-03-10,250.42857142857142,255.42094108130044,191.9222502369435,204.1801621186681
30,2010-03-26,2021-03-10,2021-03-11,2021-03-19,190.0,216.09852250436936,207.00967370695648,238.1028259796313
31,2010-03-26,2021-03-19,2021-03-22,2021-03-30,118.28571428571429,142.6043477598071,130.7536263671529,160.40221260534847
32,2010-03-26,2021-03-30,2021-03-31,2021-04-12,283.57142857142856,322.34121229352155,345.9913094569124,363.14832746928096
33,2010-03-26,2021-04-12,2021-04-13,2021-04-21,516.0,522.7591633411536,389.8377503810933,419.0434434237327
34,2010-03-26,2021-04-21,2021-04-22,2021-04-30,314.14285714285717,336.426387618026,205.10597235552683,227.00502661557883
35,2010-03-26,2021-04-30,2021-05-04,2021-05-12,327.14285714285717,346.6430852785449,324.80331441106773,355.22106212419664
36,2010-03-26,2021-05-12,2021-05-13,2021-05-21,190.71428571428572,206.89921632110094,170.7647460114242,200.8538423448364
37,2010-03-26,2021-05-21,2021-05-24,2021-06-02,273.85714285714283,296.01568491261696,238.68597003541683,276.04292390406687
38,2010-03-26,2021-06-02,2021-06-03,2021-06-11,596.2857142857143,624.2160798038723,584.6827918481571,648.7981422765026
39,2010-03-26,2021-06-11,2021-06-14,2021-06-22,157.28571428571428,168.35718831443717,234.23397558576744,267.82045929283794
40,2010-03-26,2021-06-22,2021-06-23,2021-07-01,86.28571428571429,93.51241323252988,90.11837548589892,98.54502760850939
41,2010-03-26,2021-07-01,2021-07-02,2021-07-12,165.85714285714286,181.8048404196104,139.8616309972957,150.86013594704733
42,2010-03-26,2021-07-12,2021-07-13,2021-07-21,134.14285714285714,143.34025453942996,256.32558671385584,272.4376455625424
43,2010-03-26,2021-07-21,2021-07-22,2021-07-30,148.0,157.27864263329408,117.84055217952535,136.6276172640474
44,2010-03-26,2021-07-30,2021-08-02,2021-08-10,311.0,345.6904064952586,275.44428117383217,322.8949837014285
45,2010-03-26,2021-08-10,2021-08-11,2021-08-19,520.5714285714286,548.1186003047151,396.6101857919069,443.20303381222436
46,2010-03-26,2021-08-19,2021-08-20,2021-08-31,349.57142857142856,394.4618395448955,343.9847309975998,366.6007066499811
47,2010-03-26,2021-08-31,2021-09-01,2021-09-09,403.57142857142856,450.51224812904445,751.986685472586,792.2599636028368
48,2010-03-26,2021-09-09,2021-09-10,2021-09-20,552.2857142857143,577.0575608822993,397.34084398497555,456.6414098909373
49,2010-03-26,2021-09-20,2021-09-21,2021-09-29,675.2857142857143,696.560837256876,503.0075377160755,557.5640735037492
50,2010-03-26,2021-09-29,2021-09-30,2021-10-08,489.7142857142857,584.204465185655,503.63555557798617,610.4296489618889
51,2010-03-26,2021-10-08,2021-10-11,2021-10-19,838.4285714285714,846.5114124620952,421.5372746707947,462.93329698052736
52,2010-03-26,2021-10-19,2021-10-20,2021-10-28,1191.0,1198.8187638552495,728.6544250294875,764.1762788250846
53,2010-03-26,2021-10-28,2021-10-29,2021-11-08,304.42857142857144,388.14191071970424,485.09298850433044,571.9305774163909
54,2010-03-26,2021-11-08,2021-11-09,2021-11-17,211.42857142857142,238.7197998850176,169.77752898613835,232.41664950457312
55,2010-03-26,2021-11-17,2021-11-18,2021-11-26,479.14285714285717,484.1564092020559,265.7545705493912,284.9541720726616
56,2010-03-26,2021-11-26,2021-11-29,2021-12-07,408.0,473.8221486712378,452.3077629606042,620.6812927419616
57,2010-03-26,2021-12-07,2021-12-08,2021-12-16,765.0,821.1329281634526,569.1608441223424,661.4431636615437
58,2010-03-26,2021-12-16,2021-12-17,2022-01-04,126.85714285714286,179.88964871355358,433.34927130928355,473.4147295685559
59,2010-03-26,2022-01-04,2022-01-05,2022-01-13,601.8571428571429,606.6207334782699,311.50941994748246,325.09282875630475
60,2010-03-26,2022-01-13,2022-01-14,2022-01-24,213.71428571428572,273.5209576718287,137.17242271782942,156.54480468108716
61,2010-03-26,2022-01-24,2022-01-25,2022-02-02,257.42857142857144,316.0809118835601,252.0679565389692,300.72233938165687
62,2010-03-26,2022-02-02,2022-02-03,2022-02-11,355.7142857142857,393.7268814074766,314.09646358690253,359.84983504351555
63,2010-03-26,2022-02-11,2022-02-14,2022-02-22,150.57142857142858,166.0903368652132,114.50048564794088,131.01665348813535
64,2010-03-26,2022-02-22,2022-02-23,2022-03-03,396.7142857142857,460.5796037913223,556.6809933822933,608.5011422659275
65,2010-03-26,2022-03-03,2022-03-04,2022-03-14,231.28571428571428,278.57673987610667,283.9853615770248,325.7155912359883
66,2010-03-26,2022-03-14,2022-03-15,2022-03-23,155.28571428571428,166.69947296171722,81.64109752253223,107.81473977382679
67,2010-03-26,2022-03-23,2022-03-24,2022-04-01,323.7142857142857,325.10262116094094,144.1537048662141,151.16088838012902
68,2010-03-26,2022-04-01,2022-04-04,2022-04-12,170.0,200.96197223781988,234.18010789780394,266.8131172165477
69,2010-03-26,2022-04-12,2022-04-13,2022-04-25,259.0,265.1104890957192,188.18008751093242,234.4165728583691
70,2010-03-26,2022-04-25,2022-04-26,2022-05-05,524.1428571428571,540.5419238399288,368.4553325177764,411.82126684599007
71,2010-03-26,2022-05-05,2022-05-06,2022-05-16,260.0,284.23481238481077,113.10146709980414,128.860872795952
72,2010-03-26,2022-05-16,2022-05-17,2022-05-25,601.1428571428571,632.7750672350213,465.24520948118254,516.2737404579697
73,2010-03-26,2022-05-25,2022-05-26,2022-06-07,284.7142857142857,316.11955243004417,128.67458707349502,156.07742424435534
74,2010-03-26,2022-06-07,2022-06-08,2022-06-16,138.28571428571428,152.82202533853368,244.6665399760062,267.0967998244397
75,2010-03-26,2022-06-16,2022-06-17,2022-06-27,263.2857142857143,278.14564530116235,377.23636837746227,404.94916771052675
76,2010-03-26,2022-06-27,2022-06-28,2022-07-06,137.42857142857142,141.84800718676715,210.9219255809744,237.3184711751382
77,2010-03-26,2022-07-06,2022-07-07,2022-07-15,91.57142857142857,96.75226095549395,129.57637365219125,178.07855179260252
78,2010-03-26,2022-07-15,2022-07-18,2022-07-26,284.14285714285717,301.60499238005235,327.9991722464747,337.83630976031867
79,2010-03-26,2022-07-26,2022-07-27,2022-08-04,307.2857142857143,317.05091974994446,246.25542846502358,275.48572186157645
80,2010-03-26,2022-08-04,2022-08-05,2022-08-15,226.42857142857142,232.29630093604897,180.34399920952842,196.37578716559744
81,2010-03-26,2022-08-15,2022-08-16,2022-08-24,246.57142857142858,259.0901663238385,219.27987712513612,238.4665834569237
82,2010-03-26,2022-08-24,2022-08-25,2022-09-05,215.28571428571428,259.6016178686104,165.9324154249848,194.47748392132917
83,2010-03-26,2022-09-05,2022-09-06,2022-09-14,441.7142857142857,453.77433031975585,277.92770745451196,307.12907416563996
84,2010-03-26,2022-09-14,2022-09-15,2022-09-26,111.85714285714286,141.4390328021229,153.93270434795772,210.0128854804147
85,2010-03-26,2022-09-26,2022-09-27,2022-10-05,138.28571428571428,146.6638527868599,190.99338844301755,208.58551098363196
86,2010-03-26,2022-10-05,2022-10-06,2022-10-14,76.14285714285714,84.22843089734351,89.69805604599553,115.23456414696227
87,2010-03-26,2022-10-14,2022-10-17,2022-10-25,356.2857142857143,374.07944152469616,219.39795352229908,239.03415278499426
88,2010-03-26,2022-10-25,2022-10-26,2022-11-03,141.14285714285714,193.26074170848636,130.39357956966654,148.83703910203948
89,2010-03-26,2022-11-03,2022-11-04,2022-11-14,137.71428571428572,155.20309275268968,108.95668512141232,130.7693162582402
90,2010-03-26,2022-11-14,2022-11-15,2022-11-23,122.57142857142857,133.56111495705412,123.67837808119586,146.12523524699276
91,2010-03-26,2022-11-23,2022-11-24,2022-12-02,38.285714285714285,43.81128360854737,45.059736478360136,60.31692524129476
92,2010-03-26,2022-12-02,2022-12-05,2022-12-13,211.57142857142858,228.02224202288437,235.37926772870904,265.0172276733823
93,2010-03-26,2022-12-13,2022-12-14,2022-12-22,397.42857142857144,425.015629964694,424.0059312726319,464.38175350050926
94,2010-03-26,2022-12-22,2022-12-23,2023-01-10,277.85714285714283,290.73576614218916,118.65834318549014,139.71420975433605
95,2010-03-26,2023-01-10,2023-01-11,2023-01-19,221.0,225.87955070915876,86.92969388352505,99.30697621585134
96,2010-03-26,2023-01-19,2023-01-20,2023-01-30,76.85714285714286,77.00463807923705,58.82969119244581,65.18120851858319
97,2010-03-26,2023-01-30,2023-01-31,2023-02-08,62.857142857142854,65.43480943438504,121.49588177156093,128.90792372337316
98,2010-03-26,2023-02-08,2023-02-09,2023-02-17,222.57142857142858,281.40717830218904,249.72023037365503,278.6643930497966
99,2010-03-26,2023-02-17,2023-02-20,2023-02-28,467.57142857142856,472.64498909253837,312.8318575868483,336.50363346536676
100,2010-03-26,2023-02-28,2023-03-01,2023-03-09,285.57142857142856,294.44936503824994,64.10053332839288,70.2486367567911
101,2010-03-26,2023-03-09,2023-03-10,2023-03-20,98.0,105.66794351038675,134.5027612293047,160.76092670940048
102,2010-03-26,2023-03-20,2023-03-21,2023-03-29,84.42857142857143,93.75880910994063,147.63231019518457,185.1887438963355
103,2010-03-26,2023-03-29,2023-03-30,2023-04-11,91.14285714285714,106.19658321111035,128.17247471652817,144.27175406818313
104,2010-03-26,2023-04-11,2023-04-12,2023-04-20,118.71428571428571,134.6864082653798,145.8520941964484,167.62115379857244
105,2010-03-26,2023-04-20,2023-04-21,2023-05-02,41.285714285714285,45.33841007988071,46.6663173961501,54.76972421821169
106,2010-03-26,2023-05-02,2023-05-03,2023-05-12,163.28571428571428,181.59885147528564,229.62309198745217,243.5177226851461
107,2010-03-26,2023-05-12,2023-05-15,2023-05-23,326.2857142857143,336.87089515124336,297.2785688813231,310.0394121506538
108,2010-03-26,2023-05-23,2023-05-24,2023-06-02,163.14285714285714,185.39533050060504,163.01753817359534,193.20144518337568
109,2010-03-26,2023-06-02,2023-06-05,2023-06-13,78.0,90.12847972279826,60.39411829678784,72.13584896061418
110,2010-03-26,2023-06-13,2023-06-14,2023-06-22,101.28571428571429,111.66851455471745,125.2616130602903,184.78793037143137
111,2010-03-26,2023-06-22,2023-06-23,2023-07-03,131.57142857142858,151.13995406339686,229.661588950396,263.97686434002856
112,2010-03-26,2023-07-03,2023-07-04,2023-07-12,64.0,71.11961754677819,81.87548882012449,103.04712821266054
113,2010-03-26,2023-07-12,2023-07-13,2023-07-21,108.28571428571429,120.61509026651682,117.45996095744617,128.4508613605469
114,2010-03-26,2023-07-21,2023-07-24,2023-08-01,71.57142857142857,92.9200885553972,101.49467973934964,117.22508632047227
115,2010-03-26,2023-08-01,2023-08-02,2023-08-10,59.285714285714285,71.51323553820549,52.076926628847396,58.03809664640671
116,2010-03-26,2023-08-10,2023-08-11,2023-08-21,101.42857142857143,113.29102851884231,146.04671681346025,168.8475357903832
117,2010-03-26,2023-08-21,2023-08-22,2023-08-31,70.57142857142857,83.00086058073649,71.02838015593433,87.92190861734231
118,2010-03-26,2023-08-31,2023-09-01,2023-09-11,281.0,288.71810275274197,248.24630186202873,253.374472551027
119,2010-03-26,2023-09-11,2023-09-12,2023-09-20,263.42857142857144,273.64419024920454,130.70477664022306,144.34450695553892
120,2010-03-26,2023-09-20,2023-09-21,2023-09-29,198.0,205.02822105400864,130.3425988769471,163.76769340201665
121,2010-03-26,2023-09-29,2023-10-02,2023-10-10,144.14285714285714,148.7284198031528,165.58510036692087,174.45227464133143
122,2010-03-26,2023-10-10,2023-10-11,2023-10-19,261.57142857142856,340.227864820035,254.60071266438098,293.2834149220187
123,2010-03-26,2023-10-19,2023-10-20,2023-10-30,329.7142857142857,413.89129007506307,306.648261269613,330.9742566927707
124,2010-03-26,2023-10-30,2023-10-31,2023-11-08,215.0,220.94310838507081,313.06757573496316,327.7434451635786
125,2010-03-26,2023-11-08,2023-11-09,2023-11-17,307.2857142857143,351.94500382060505,247.80544173633035,282.34619002726686
126,2010-03-26,2023-11-17,2023-11-20,2023-11-28,954.5714285714286,1055.8672806208715,850.282523044898,961.5347130820118
127,2010-03-26,2023-11-28,2023-11-29,2023-12-07,518.4285714285714,572.2850188997986,715.4441245050508,815.8349965929374
128,2010-03-26,2023-12-07,2023-12-08,2023-12-18,315.42857142857144,325.17819290791493,164.61946118658724,213.04723507778536
129,2010-03-26,2023-12-18,2023-12-19,2024-01-04,396.42857142857144,458.8599226032151,297.94033412179573,339.81496494697984
130,2010-03-26,2024-01-04,2024-01-05,2024-01-15,339.2857142857143,454.3301191235918,360.04441287227746,395.09676679998785
131,2010-03-26,2024-01-15,2024-01-16,2024-01-24,128.42857142857142,135.32764473148652,261.2315076178267,283.9584692904996
132,2010-03-26,2024-01-24,2024-01-25,2024-02-02,96.71428571428571,118.09620775331562,83.5617224185559,87.01768752513628
133,2010-03-26,2024-02-02,2024-02-05,2024-02-13,121.14285714285714,126.08387231181813,84.32225014681879,91.42502375370333
134,2010-03-26,2024-02-13,2024-02-14,2024-02-22,403.7142857142857,417.8543833852718,351.3282819932804,371.815969740649
135,2010-03-26,2024-02-22,2024-02-23,2024-03-04,262.42857142857144,287.50130434486726,217.1190780057545,258.0773046657216
136,2010-03-26,2024-03-04,2024-03-05,2024-03-13,116.28571428571429,129.65228222331564,138.55594386274427,185.54248490216182
137,2010-03-26,2024-03-13,2024-03-14,2024-03-22,483.2857142857143,498.24563649440455,312.59855959548815,343.73052280511484
138,2010-03-26,2024-03-22,2024-03-25,2024-04-04,214.57142857142858,276.7288513018784,178.5536402925522,208.5407371635397
139,2010-03-26,2024-04-04,2024-04-05,2024-04-15,196.42857142857142,223.45053783140207,275.01353202655815,317.77573988383307
140,2010-03-26,2024-04-15,2024-04-16,2024-04-24,133.71428571428572,154.55465977169,198.66927140504404,237.82413368446575
141,2010-03-26,2024-04-24,2024-04-25,2024-05-03,336.85714285714283,371.9443122680752,307.85326493665076,341.1375003830761
142,2010-03-26,2024-05-03,2024-05-07,2024-05-15,256.42857142857144,269.20915925831986,346.91542203138357,408.3363839741665
143,2010-03-26,2024-05-15,2024-05-16,2024-05-24,31.857142857142858,37.123346524025244,84.70885752810159,90.62276628739262
144,2010-03-26,2024-05-24,2024-05-28,2024-06-05,75.28571428571429,83.7743567993384,88.45670302122247,108.13897850171948
145,2010-03-26,2024-06-05,2024-06-06,2024-06-14,83.71428571428571,97.84535904024415,73.02474638568674,102.77385378300939
146,2010-03-26,2024-06-14,2024-06-17,2024-06-25,105.0,117.90492537876197,44.9083663337263,48.89421162282869
147,2010-03-26,2024-06-25,2024-06-26,2024-07-04,113.57142857142857,141.25913371227668,192.10160567489515,223.8354133947628
148,2010-03-26,2024-07-04,2024-07-05,2024-07-15,62.42857142857143,75.96521760460037,80.0128640874763,98.28984997590275
149,2010-03-26,2024-07-15,2024-07-16,2024-07-24,146.14285714285714,152.44624345275662,114.48398386209465,127.10487533377547
150,2010-03-26,2024-07-24,2024-07-25,2024-08-02,73.42857142857143,90.59959003376181,66.63758013017458,79.1796527304594
151,2010-03-26,2024-08-02,2024-08-05,2024-08-13,51.0,63.21053257623628,30.09981718082372,33.89226229830373
152,2010-03-26,2024-08-13,2024-08-14,2024-08-22,94.85714285714286,109.63315452648698,55.52019059321791,68.24185919630249
153,2010-03-26,2024-08-22,2024-08-23,2024-09-03,120.85714285714286,135.76555422597337,104.252430676763,120.99312390705896
154,2010-03-26,2024-09-03,2024-09-04,2024-09-12,37.714285714285715,43.918756162454585,81.91117898851027,97.45328576434521
155,2010-03-26,2024-09-12,2024-09-13,2024-09-23,119.42857142857143,135.85181002001514,133.97275535388,155.9979485670447
156,2010-03-26,2024-09-23,2024-09-24,2024-10-02,184.14285714285714,198.85924670479872,166.4410930997223,193.50555018055846
157,2010-03-26,2024-10-02,2024-10-03,2024-10-11,226.0,234.21479762938,123.08728578738143,146.29454645612645
158,2010-03-26,2024-10-11,2024-10-14,2024-10-22,230.42857142857142,249.34285059503338,125.88461791378771,158.83727416263008
159,2010-03-26,2024-10-22,2024-10-23,2024-10-31,68.42857142857143,84.25217250272287,104.49337698056044,121.85260040849894
160,2010-03-26,2024-10-31,2024-11-01,2024-11-11,236.0,255.0680581447122,218.9201664936543,244.51513482948906
161,2010-03-26,2024-11-11,2024-11-12,2024-11-20,176.42857142857142,190.1559510356847,220.1198945215828,243.5628986123486
162,2010-03-26,2024-11-20,2024-11-21,2024-11-29,305.57142857142856,312.9342696843175,203.4694507790671,239.09468637818935
163,2010-03-26,2024-11-29,2024-12-02,2024-12-10,146.57142857142858,150.9711419917254,41.010273282573266,49.189483110406485
164,2010-03-26,2024-12-10,2024-12-11,2024-12-19,49.42857142857143,58.51007239295275,75.92228404447155,90.13759334337895
165,2010-03-26,2024-12-19,2024-12-20,2025-01-07,28.571428571428573,34.694585827104,29.983924857157472,38.117305905888806
166,2010-03-26,2025-01-07,2025-01-08,2025-01-16,165.14285714285714,196.5378916574177,202.88386641284464,223.52606956801372
167,2010-03-26,2025-01-16,2025-01-17,2025-01-27,137.71428571428572,164.7057983193063,114.66048627602227,125.90842266534618
168,2010-03-26,2025-01-27,2025-01-28,2025-02-05,54.57142857142857,60.869884648673825,79.84690906827079,96.72561279921933
169,2010-03-26,2025-02-05,2025-02-06,2025-02-14,135.42857142857142,161.15121558869572,125.05055463988195,148.6304193087849
170,2010-03-26,2025-02-14,2025-02-17,2025-02-25,291.14285714285717,293.66063990356525,195.75479695133973,206.19263507115195
171,2010-03-26,2025-02-25,2025-02-26,2025-03-06,320.57142857142856,329.39685140311485,175.4650313463557,219.9059545654947
172,2010-03-26,2025-03-06,2025-03-07,2025-03-17,114.14285714285714,149.20503629952597,97.78969435161422,113.3794334828296
173,2010-03-26,2025-03-17,2025-03-18,2025-03-26,67.57142857142857,78.15826434686409,12.546621938327885,18.18056419854676
174,2010-03-26,2025-03-26,2025-03-27,2025-04-04,275.7142857142857,279.0714194303264,155.32407048339692,166.13785507432718
175,2010-03-26,2025-04-04,2025-04-07,2025-04-15,83.42857142857143,98.01457617547067,113.16489333192388,130.2037130765638
176,2010-03-26,2025-04-15,2025-04-16,2025-04-28,99.14285714285714,111.99107107265293,115.05938691270535,134.96941495850047
177,2010-03-26,2025-04-28,2025-04-29,2025-05-08,87.42857142857143,99.11032813414121,154.53842234149403,180.4291135698121
178,2010-03-26,2025-05-08,2025-05-09,2025-05-19,44.0,52.320441238855885,79.09132388470584,111.27441732227885
179,2010-03-26,2025-05-19,2025-05-20,2025-05-29,199.85714285714286,231.60156673538657,175.88648808513918,225.69207891349816
180,2010-03-26,2025-05-29,2025-05-30,2025-06-09,340.2857142857143,354.49521455565116,225.38083448190878,260.291131018604
181,2010-03-26,2025-06-09,2025-06-10,2025-06-18,242.71428571428572,273.2400828157224,327.36634620564354,362.42280748286703
182,2010-03-26,2025-06-18,2025-06-19,2025-06-27,201.0,210.64696261076935,137.01306353929064,145.68966431769937
183,2010-03-26,2025-06-27,2025-06-30,2025-07-08,305.85714285714283,366.2955481184949,360.85656560584033,423.64504874827526
184,2010-03-26,2025-07-08,2025-07-09,2025-07-17,404.0,425.3529626758733,283.6113951628043,347.5710195569443
185,2010-03-26,2025-07-17,2025-07-18,2025-07-28,152.57142857142858,194.48907424325924,204.18886469042477,257.8998588597555
186,2010-03-26,2025-07-28,2025-07-29,2025-08-06,59.42857142857143,69.70550295964547,127.58188961541067,158.96775805768286
187,2010-03-26,2025-08-06,2025-08-07,2025-08-15,60.142857142857146,77.48824795689067,73.81886872376079,82.82336878748943
188,2010-03-26,2025-08-15,2025-08-18,2025-08-27,57.857142857142854,68.02625543546718,135.33824225676685,146.52739233895875
189,2010-03-26,2025-08-27,2025-08-28,2025-09-05,117.14285714285714,135.01851724856112,77.10192316443717,93.90654392728516
190,2010-03-26,2025-09-05,2025-09-08,2025-09-16,101.71428571428571,106.49480201936082,29.488672412023984,36.792736556788
191,2010-03-26,2025-09-16,2025-09-17,2025-09-25,188.42857142857142,226.54201754704516,214.41771402801209,269.12138434472064
192,2010-03-26,2025-09-25,2025-09-26,2025-10-06,177.85714285714286,201.4025819099646,227.7786797399015,245.05011702693622
193,2010-03-26,2025-10-06,2025-10-07,2025-10-15,92.85714285714286,104.79640124682581,213.14769998013404,237.08363835935677
194,2010-03-26,2025-10-15,2025-10-16,2025-10-27,84.57142857142857,92.09467178631222,65.72797029478455,77.2434295090506
195,2010-03-26,2025-10-27,2025-10-28,2025-11-05,112.71428571428571,113.970547573861,146.2670032894,150.52092345576528
196,2010-03-26,2025-11-05,2025-11-06,2025-11-14,174.71428571428572,182.14162464569,177.23333643602686,199.66028966685732
197,2010-03-26,2025-11-14,2025-11-17,2025-11-25,357.85714285714283,374.60817625124747,388.2264895013188,406.2931978349167
198,2010-03-26,2025-11-25,2025-11-26,2025-12-04,323.2857142857143,389.9390062194709,310.32161395448776,413.24904110501
199,2010-03-26,2025-12-04,2025-12-05,2025-12-15,419.42857142857144,431.3831574962432,146.14336463179038,199.52299182253878
200,2010-03-26,2025-12-15,2025-12-16,2025-12-24,251.42857142857142,254.0303693880489,67.91978085951996,75.8072331651356
201,2010-03-26,2025-12-24,2026-01-02,2026-01-12,188.42857142857142,212.41031720974115,110.41990237143783,127.19627559464283
202,2010-03-26,2026-01-12,2026-01-13,2026-01-21,287.57142857142856,301.7716733842705,271.9631213496036,282.38152666317427
203,2010-03-26,2026-01-21,2026-01-22,2026-01-30,190.42857142857142,216.45619814245495,253.3376456994791,304.48540931169873
204,2010-03-26,2026-01-30,2026-02-02,2026-02-10,143.14285714285714,147.31016840084635,217.55152346576259,225.35618904972216
205,2010-03-26,2026-02-10,2026-02-11,2026-02-19,62.285714285714285,79.91781492794422,128.126575717067,152.60427915275756
206,2010-03-26,2026-02-19,2026-02-20,2026-03-02,139.0,163.09812997088594,141.24955368969822,169.690547868711
207,2010-03-26,2026-03-02,2026-03-03,2026-03-11,122.71428571428571,151.69000343746168,179.58763387813994,214.90363849095422
208,2010-03-26,2026-03-11,2026-03-12,2026-03-20,40.714285714285715,44.11834733337788,55.226454418996774,61.25010173876778
209,2010-03-26,2026-03-20,2026-03-23,2026-03-31,124.57142857142857,144.5287910022478,133.27823876266984,149.4907808849937
210,2010-03-26,2026-03-31,2026-04-01,2026-04-13,419.14285714285717,421.2562843956837,361.1759393976484,364.489746039726
211,2010-03-26,2026-04-13,2026-04-14,2026-04-22,127.28571428571429,157.4715393786627,70.87574737321509,87.37122681656633
212,2010-03-26,2026-04-22,2026-04-23,2026-05-01,331.57142857142856,342.25157831212823,458.57009838091193,464.5070171784309
213,2010-03-26,2026-05-01,2026-05-05,2026-05-13,136.85714285714286,175.47079529084036,159.6158415764955,193.3339983499105
214,2010-03-26,2026-05-13,2026-05-14,2026-05-22,147.42857142857142,161.48595693036063,240.37301687223993,270.9575966328997
215,2010-03-26,2026-05-22,2026-05-26,2026-06-03,345.0,386.14560540219617,361.27377919864153,413.2500728397469
216,2010-03-26,2026-06-03,2026-06-04,2026-06-17,187.71428571428572,212.760092928296,133.4062432785952,168.35211529815635
217,2010-03-26,2026-06-17,2026-06-18,2026-06-26,167.0,194.60619576100711,176.7535020277159,214.04639642254554
218,2010-03-26,2026-06-26,2026-06-29,2026-07-07,273.14285714285717,302.91064217497734,208.68356335230914,231.54682132499616
219,2010-03-26,2026-07-07,2026-07-08,2026-07-16,208.85714285714286,216.04893625552256,291.21919020491316,311.6917875124287
220,2010-03-26,2026-07-16,2026-07-17,2026-07-27,117.85714285714286,167.08637629339245,132.2035255253625,199.84562355825892
221,2010-03-26,2026-07-27,2026-07-28,2026-08-05,280.2857142857143,313.43124103564224,298.4376376749775,328.8979412745268
222,2010-03-26,2026-08-05,2026-08-06,2026-08-14,173.42857142857142,200.50222656405305,195.69691214152044,222.3586038664387
223,2010-03-26,2026-08-14,2026-08-17,2026-08-25,434.85714285714283,465.8546677114778,415.3094710879258,434.208062011616
