Fold,Train_Start,Train_End,Validation_Start,Validation_End,Naive_MAE,Naive_RMSE,Linear_MAE,Linear_RMSE,XGBoost_MAE,XGBoost_RMSE,LightGBM_MAE,LightGBM_RMSE
1,2012-07-05,2019-11-25,2019-11-26,2019-12-04,131.57142857142858,152.0831539464043,156.26430660813435,178.78011134699358,131.43115234375,148.38159297531456,151.91649760427006,184.6023392046229
2,2012-07-05,2019-12-04,2019-12-05,2019-12-13,304.42857142857144,307.1474750483413,204.20392302210124,210.65161489682168,297.15890066964283,301.28761086780935,293.1278550546669,297.6311266825275
3,2012-07-05,2019-12-13,2019-12-16,2019-12-24,349.57142857142856,350.19239609922187,232.0476908824796,233.6364930863434,314.62025669642856,315.8015008234495,314.1648383512954,315.3003494768125
4,2012-07-05,2019-12-24,2020-01-02,2020-01-10,85.85714285714286,107.56858277396798,43.90525584068397,54.78588802438872,119.46782575334821,129.59379058248817,79.64501460762901,96.17704711698843
5,2012-07-05,2020-01-10,2020-01-13,2020-01-21,196.0,197.57819428556093,163.13315439292168,169.20356198476577,131.26435198102678,138.9655782283272,109.6233161091966,117.64005569793106
6,2012-07-05,2020-01-21,2020-01-22,2020-01-30,110.14285714285714,110.97039502240483,106.03815997473274,109.34729516725645,157.99073137555803,159.80673858737342,162.2988567966268,167.71541448085398
7,2012-07-05,2020-01-30,2020-01-31,2020-02-10,34.714285714285715,41.378048010301995,41.000876847420386,46.323461063108965,55.341945103236604,59.36060694746706,78.90516668268653,79.6304078350951
8,2012-07-05,2020-02-10,2020-02-11,2020-02-19,76.85714285714286,77.24173557271817,58.204740108329574,60.75857399499103,56.69205583844866,58.98224939031792,47.5586877310439,49.872615162523566
9,2012-07-05,2020-02-19,2020-02-20,2020-02-28,76.71428571428571,78.95296972610612,25.522797201423796,30.464994606779246,47.695460728236604,53.378194625340804,56.32858249877039,59.104406814953435
10,2012-07-05,2020-02-28,2020-03-02,2020-03-10,41.42857142857143,54.85044601980396,47.70826899577269,51.93770544712129,68.6728515625,71.59756359268636,68.25617061787018,71.68257863219145
11,2012-07-05,2020-03-10,2020-03-11,2020-03-19,41.285714285714285,48.78377950566297,68.94797278214814,73.43331366467363,129.7018781389509,133.19898593606823,132.47046464606132,137.28328773044728
12,2012-07-05,2020-03-19,2020-03-20,2020-03-30,28.142857142857142,33.70671827904427,30.846572173312634,35.202302205520645,61.5360107421875,66.65438109237837,60.71915739224897,65.67486605627725
13,2012-07-05,2020-03-30,2020-03-31,2020-04-08,97.85714285714286,109.61034883362323,93.609381372083,101.15166204855952,97.85145786830357,103.03790756593654,98.0425849469287,102.23143062565946
14,2012-07-05,2020-04-08,2020-04-09,2020-04-21,67.85714285714286,75.87301421265855,113.99318077587311,127.36515217192766,36.8212890625,43.40995063819596,36.85482587702446,45.77150221031714
15,2012-07-05,2020-04-21,2020-04-22,2020-04-30,125.71428571428571,133.566462856512,111.09195488865556,118.6824993779009,59.94488525390625,76.28119314256503,68.23662056449939,83.12619282296748
16,2012-07-05,2020-04-30,2020-05-01,2020-05-12,117.71428571428571,139.9540740998377,112.14573119839373,125.47484098856586,94.52767072405133,107.46098352400276,78.38757828621608,88.19969689737275
17,2012-07-05,2020-05-12,2020-05-13,2020-05-21,73.71428571428571,78.18659000840782,51.52661751238037,67.76647004726078,58.738490513392854,59.37123551582424,77.36709802813962,77.98247684489533
18,2012-07-05,2020-05-21,2020-05-22,2020-06-02,193.28571428571428,203.26161889123514,123.491491649212,138.69313178838033,158.63184901646204,168.89694504408618,160.73647471525334,169.62937986772516
19,2012-07-05,2020-06-02,2020-06-03,2020-06-11,559.7142857142857,594.0637291450423,422.1205543681078,464.9865400275568,571.3214198521206,617.7268328628029,581.0452784279324,626.9856458959548
20,2012-07-05,2020-06-11,2020-06-12,2020-06-22,481.2857142857143,524.9727884104361,294.37983745458706,355.71028071590894,423.41961669921875,509.9334989915584,443.76081745674077,506.4256728805887
21,2012-07-05,2020-06-22,2020-06-23,2020-07-01,126.57142857142857,155.32270554282417,138.17125740881687,154.78531151097465,107.23442731584821,122.45949600566412,105.46478518287336,112.7097715524417
22,2012-07-05,2020-07-01,2020-07-02,2020-07-10,168.57142857142858,184.2226913276429,103.532025744389,113.22107295014392,203.43089076450892,214.42495851898875,155.5575766702669,165.90624559375982
23,2012-07-05,2020-07-10,2020-07-13,2020-07-21,358.7142857142857,363.5749087680753,183.85235585383424,208.10897620158866,285.57010323660717,296.0266095548017,243.8420553639476,254.42525327227497
24,2012-07-05,2020-07-21,2020-07-22,2020-10-30,123.71428571428571,136.52419984331402,141.41512486969242,152.24196427006257,159.46554129464286,178.38328634900446,154.71842617935084,177.40226409667878
25,2012-07-05,2020-10-30,2020-11-02,2020-11-11,87.71428571428571,97.52948272189288,47.510375223439624,58.84446478082767,69.65570940290179,86.93992621273702,70.65968919086787,84.84521100937835
26,2012-07-05,2020-11-11,2020-11-12,2021-02-22,124.85714285714286,163.59269980219602,238.0880201436189,297.1909661132184,372.78916713169644,416.08114840318285,335.966225856187,375.9018341163176
27,2012-07-05,2021-02-22,2021-02-23,2021-03-03,196.28571428571428,216.08463950168098,155.9739028822324,196.13575159582268,115.52263532366071,141.70358137515703,133.5575940843546,163.48121969013323
28,2012-07-05,2021-03-03,2021-03-04,2021-03-12,274.14285714285717,279.8425577764346,145.5540225147895,173.29982930172275,185.67149135044642,212.57853015806572,188.58045911114593,211.0709614519501
29,2012-07-05,2021-03-12,2021-03-15,2021-03-23,163.14285714285714,178.2846840629575,200.2217579733253,229.9791578997825,77.16026088169643,101.67465673933098,90.06201176327171,97.7373308544639
30,2012-07-05,2021-03-23,2021-03-24,2021-04-01,79.42857142857143,83.0610790752375,86.76446356750337,121.22037566789378,98.16395786830357,121.45930901548715,94.04127595569915,108.94954310105227
31,2012-07-05,2021-04-01,2021-04-06,2021-04-14,429.2857142857143,455.3577871143902,462.4571970018289,481.15557506714293,566.678466796875,625.5944984040964,547.9184295169804,594.1128580648978
32,2012-07-05,2021-04-14,2021-04-15,2021-04-23,468.14285714285717,472.5119801958162,307.48570002311163,319.9497757782103,765.6504255022321,805.722843927567,715.8122272262988,769.2652547419898
33,2012-07-05,2021-04-23,2021-04-26,2021-05-05,245.85714285714286,270.31066783028956,188.7850846274949,247.12491681591652,335.97617885044644,355.2726660205515,571.8823259925218,580.0479623648263
34,2012-07-05,2021-05-05,2021-05-06,2021-05-14,315.57142857142856,334.47549557905904,262.23956158169403,302.5447046197284,178.41451590401786,191.91198804962693,181.20124927724996,192.34471409466653
35,2012-07-05,2021-05-14,2021-05-17,2021-05-25,255.57142857142858,280.1165573726154,191.3839173262369,210.8774880608973,344.77029854910717,350.9186022311306,377.7579469946481,384.03608751077485
36,2012-07-05,2021-05-25,2021-05-26,2021-06-04,313.7142857142857,353.71659357659286,290.5966898718243,373.2129926639191,184.73420061383928,196.62290434770281,235.16352778626774,258.55944093562834
37,2012-07-05,2021-06-04,2021-06-07,2021-06-15,495.42857142857144,563.6457854260701,444.5714082859664,521.3356003141097,397.5362025669643,413.7889829757134,479.90927108984636,483.9124232839199
38,2012-07-05,2021-06-15,2021-06-16,2021-06-24,133.57142857142858,149.35336812883924,186.47982078127077,264.47120936182955,218.85341099330358,226.76966895126336,280.3330169119935,295.4263903891194
39,2012-07-05,2021-06-24,2021-06-25,2021-07-05,79.85714285714286,84.71886280094719,109.25166278258335,144.0773629206807,184.83510044642858,210.97897730164848,91.31094329895755,107.01318731344907
40,2012-07-05,2021-07-05,2021-07-06,2021-07-14,172.0,185.21107649690623,188.19328898026313,205.6752082597721,103.80440848214286,143.28630140842992,113.6449246665198,167.07699960897557
41,2012-07-05,2021-07-14,2021-07-15,2021-07-23,145.0,152.7673300900986,220.43215517352908,241.86115483950385,319.74002511160717,325.0125868810658,303.57220385839526,311.44914032645545
42,2012-07-05,2021-07-23,2021-07-26,2021-08-03,160.71428571428572,169.05578115775023,114.74808483236835,126.72908617691778,220.83680943080358,227.50266040931845,250.72549032953617,256.29534706673337
43,2012-07-05,2021-08-03,2021-08-04,2021-08-12,450.42857142857144,485.6078664931201,343.43327647430755,386.754056437328,590.7773786272321,640.6690306644449,619.1288730588547,658.7132759630443
44,2012-07-05,2021-08-12,2021-08-13,2021-08-23,363.2857142857143,422.7013467821324,324.6682660975649,359.03312211786516,391.5376674107143,405.31263378373035,654.8730461019796,661.8328746415411
45,2012-07-05,2021-08-23,2021-08-24,2021-09-02,361.85714285714283,398.22624581654946,402.18500345840647,448.8736849798628,217.35675920758928,233.28261746412835,153.56886974171155,179.92245992899478
46,2012-07-05,2021-09-02,2021-09-03,2021-09-13,493.85714285714283,511.0226441725874,549.0641797189799,619.7897990515174,302.57774135044644,320.87455572135167,325.8896281622973,346.13549087908274
47,2012-07-05,2021-09-13,2021-09-14,2021-09-22,617.4285714285714,639.2468783096023,452.5137542351583,479.37953514766025,824.5585588727679,880.3956047056305,872.2311772156424,918.4024903211447
48,2012-07-05,2021-09-22,2021-09-23,2021-10-01,546.4285714285714,602.9905234981487,370.0976273962985,460.09579114885645,744.7271205357143,765.7155913175286,995.8514891370011,1008.6944224315687
49,2012-07-05,2021-10-01,2021-10-04,2021-10-12,627.5714285714286,689.0823089961232,713.1834938876273,773.8685958634117,543.5363420758929,574.2389181651605,331.0110678913587,374.0018588053464
50,2012-07-05,2021-10-12,2021-10-13,2021-10-21,980.5714285714286,997.548853082251,672.0005375269383,740.1120665339497,1206.8231026785713,1289.8744115763564,1275.073434929686,1334.411292637853
51,2012-07-05,2021-10-21,2021-10-22,2021-11-01,1023.0,1060.5255435732931,697.9654061747468,743.5145483450018,1243.589878627232,1352.7952995349688,1843.099309309637,1870.683678094763
52,2012-07-05,2021-11-01,2021-11-02,2021-11-10,215.71428571428572,251.2756028177598,280.8805428146465,318.82668923118996,706.2032993861607,731.5669364999936,792.5095452312333,857.9172225377113
53,2012-07-05,2021-11-10,2021-11-11,2021-11-19,244.71428571428572,287.7779401850372,256.72896191357813,319.91694238080646,80.129150390625,100.07602563853149,184.74855264619697,219.9688634572034
54,2012-07-05,2021-11-19,2021-11-22,2021-11-30,475.42857142857144,484.1422459212936,289.4384629419215,321.0645540989994,352.937255859375,373.96359797981773,139.438149978582,172.5100935896494
55,2012-07-05,2021-11-30,2021-12-01,2021-12-09,572.1428571428571,676.8501627813521,667.8949986578451,790.4724842077673,599.2408272879464,736.0811703526234,652.7355539592006,766.5151583538214
56,2012-07-05,2021-12-09,2021-12-10,2021-12-20,500.57142857142856,620.9232756836502,430.59248974757884,467.95647413326816,538.7536969866071,541.5878690418876,760.3552800225515,769.6816346640366
57,2012-07-05,2021-12-20,2021-12-21,2022-01-06,259.0,339.67358280729286,310.341565369787,339.85301150182744,374.429931640625,493.2615728596678,285.25810844172304,352.4983239688805
58,2012-07-05,2022-01-06,2022-01-07,2022-01-17,568.4285714285714,579.104851103346,316.1179449445963,328.84327149794797,591.2024623325893,602.9800458764496,471.04116864223005,478.85409763550024
59,2012-07-05,2022-01-17,2022-01-18,2022-01-26,121.28571428571429,160.39371202495084,85.52365595943954,92.8535153120705,182.25889369419642,193.35754569275213,147.289919191931,161.02060668065917
60,2012-07-05,2022-01-26,2022-01-27,2022-02-04,385.2857142857143,428.619544918001,302.4718377574867,365.07394117219195,349.09361049107144,417.06417877374867,299.6739549282328,352.0521097234103
61,2012-07-05,2022-02-04,2022-02-07,2022-02-15,266.42857142857144,290.61535698287815,188.90282014361125,246.52424736910086,146.48118373325892,158.37637664572236,287.5867939795457,319.80106738427685
62,2012-07-05,2022-02-15,2022-02-16,2022-02-24,102.71428571428571,112.7962765342899,102.71592294174047,141.7813224138458,33.745762416294646,42.13858098902292,80.61392080467019,90.52274113732082
63,2012-07-05,2022-02-24,2022-02-25,2022-03-07,504.2857142857143,520.0043955858175,530.0487214989149,556.5893633875813,525.2685546875,548.5990353125853,498.7381465467946,524.4208274419709
64,2012-07-05,2022-03-07,2022-03-08,2022-03-16,127.28571428571429,141.880734622932,314.8126413944895,365.86633794765413,505.88455636160717,535.8515066300479,428.7700106539155,447.0617291487884
65,2012-07-05,2022-03-16,2022-03-17,2022-03-25,215.57142857142858,225.06792625465636,290.441539719343,311.3899793794305,744.9612862723214,855.2620449425659,630.6161782343897,728.0983614417731
66,2012-07-05,2022-03-25,2022-03-28,2022-04-05,284.2857142857143,298.9452888310597,342.55393951059926,359.00618575460567,465.315673828125,522.9392567358324,516.6628182768935,611.0683351424029
67,2012-07-05,2022-04-05,2022-04-06,2022-04-14,214.14285714285714,243.67513502319318,138.47908992661957,161.85986803111155,156.53267996651786,179.15066919061016,124.95922146639688,134.9663847879012
68,2012-07-05,2022-04-14,2022-04-19,2022-04-27,272.7142857142857,282.735868662912,118.5797187192359,138.75690440793616,71.779052734375,93.93540639355369,64.21254358576003,83.52955857660397
69,2012-07-05,2022-04-27,2022-04-28,2022-05-09,526.2857142857143,541.447794607859,230.85490233750073,284.436401382436,352.09378487723217,355.81728801228894,310.96123211023814,318.74173473172857
70,2012-07-05,2022-05-09,2022-05-10,2022-05-18,250.71428571428572,287.73524537075997,152.71881135693846,258.2744258525912,219.829833984375,240.8973765308798,221.1991884753948,239.67353280929277
71,2012-07-05,2022-05-18,2022-05-19,2022-05-27,628.5714285714286,644.4235519328217,479.4564044766557,553.042522153956,529.8948451450893,530.4102946787575,519.0258622645921,520.4927206942847
72,2012-07-05,2022-05-27,2022-05-30,2022-06-09,221.85714285714286,240.18177639922166,198.6497893272017,237.69522867774526,308.70936802455356,338.84746789697476,340.98872929421697,369.3679351577295
73,2012-07-05,2022-06-09,2022-06-10,2022-06-20,190.0,232.59959464403937,294.37304483972815,360.95976118514915,287.03543526785717,344.15307485300366,301.1999207125974,390.86348194792066
74,2012-07-05,2022-06-20,2022-06-21,2022-06-29,187.0,194.53277358841106,288.8729468627208,303.88831932175106,485.86390904017856,488.98430985552244,504.85987014552836,510.1586429677843
75,2012-07-05,2022-06-29,2022-06-30,2022-07-08,125.57142857142857,132.84201142710842,184.8400478957877,229.56568091230645,293.5250767299107,307.4314986766349,290.5866673964708,304.371914682107
76,2012-07-05,2022-07-08,2022-07-11,2022-07-19,118.42857142857143,128.47845845010085,171.07597842978348,195.57457486517586,151.54499162946428,200.8811653706723,198.42447240837944,224.4623497312627
77,2012-07-05,2022-07-19,2022-07-20,2022-07-28,351.42857142857144,361.77814827795856,307.94111288674515,313.8583658511162,534.2900739397321,546.1094192446129,488.3499009934482,501.8763688094831
78,2012-07-05,2022-07-28,2022-07-29,2022-08-08,238.57142857142858,244.8649773709118,155.45403337376757,179.16998797364963,355.48148018973217,359.4826395877192,403.3656700539355,406.7372720444247
79,2012-07-05,2022-08-08,2022-08-09,2022-08-17,259.42857142857144,263.2917990150309,188.28515418234974,209.65019380608226,461.83121163504467,463.9589691148044,478.46995590084083,481.4191460199137
80,2012-07-05,2022-08-17,2022-08-18,2022-08-26,172.85714285714286,208.92103771520954,145.77086346780354,182.05775969236072,341.59957449776783,352.8607158154719,348.6252875893011,363.7657662494086
81,2012-07-05,2022-08-26,2022-08-30,2022-09-07,337.85714285714283,357.2660073390694,238.43039502229155,259.34117671401555,227.07355608258928,256.9310519899375,174.71849097693763,206.28034424367002
82,2012-07-05,2022-09-07,2022-09-08,2022-09-16,373.57142857142856,399.19830374675405,207.25791336521345,237.77220294603424,257.2379673549107,271.7396467785254,223.73980980624455,252.2154574095407
83,2012-07-05,2022-09-16,2022-09-20,2022-09-28,98.42857142857143,120.69027656419907,190.44595273142164,232.82691293276784,91.15614536830357,99.8218136402862,108.53516637119667,114.8313977032849
84,2012-07-05,2022-09-28,2022-09-29,2022-10-07,122.28571428571429,130.7669683062202,148.5673768989302,189.93552836235415,143.12217494419642,177.07836117685238,142.49867019664936,179.1523587248064
85,2012-07-05,2022-10-07,2022-10-10,2022-10-18,99.71428571428571,124.2129507855648,82.0353395893463,115.66468012546217,199.64667619977678,207.98889534358102,171.44205550949283,177.8111320851389
86,2012-07-05,2022-10-18,2022-10-19,2022-10-27,393.14285714285717,398.9135244636361,300.26735157284435,310.9447508653244,444.3616420200893,452.9530804721585,461.35758076860697,470.8175798514681
87,2012-07-05,2022-10-27,2022-10-28,2022-11-07,57.42857142857143,77.51866134772231,74.13278136068791,78.99465502156234,64.67011369977679,81.33983932291653,94.70455764869585,115.23252125455072
88,2012-07-05,2022-11-07,2022-11-08,2022-11-16,140.85714285714286,155.99725272306196,171.10308753020067,191.2448066549368,152.28018624441964,172.51509180496436,159.14180350256018,179.59263268333717
89,2012-07-05,2022-11-16,2022-11-17,2022-11-25,123.0,134.7097408716767,106.75033858887984,120.65305496988177,128.71257672991072,132.85053544324683,117.40816960755397,121.26516578251326
90,2012-07-05,2022-11-25,2022-11-28,2022-12-06,62.42857142857143,82.84839855336459,73.17398289361667,88.30400425345128,56.0660400390625,70.08744461920558,55.24926736636462,80.64617810887952
91,2012-07-05,2022-12-06,2022-12-07,2022-12-15,229.57142857142858,242.84357104934855,251.3078679036965,278.8609295174279,220.73109654017858,230.55044714382825,226.60512601394257,235.64562074812656
92,2012-07-05,2022-12-15,2022-12-16,2023-01-03,448.0,458.5766799877327,406.343746173335,444.80953192697757,417.82174246651783,430.8619260107854,424.6747799852419,436.7701015660705
93,2012-07-05,2023-01-03,2023-01-04,2023-01-12,245.0,247.24972916350904,82.42649274038963,88.68754112130334,246.85843331473214,250.18688586129446,276.1699929138132,279.17555173740436
94,2012-07-05,2023-01-12,2023-01-13,2023-01-23,169.28571428571428,183.21065159303063,74.58245285859903,91.40167261606037,122.01022774832589,143.58422799457375,148.16900076903633,163.79167426107887
95,2012-07-05,2023-01-23,2023-01-24,2023-02-01,77.0,77.34616067671732,66.71431261331979,71.0311116917354,48.83299037388393,49.80486388046491,67.58927071000369,68.75711555006664
96,2012-07-05,2023-02-01,2023-02-02,2023-02-10,47.57142857142857,52.58870057884515,118.26061459267676,125.04916891211242,43.826102120535715,50.5075852063828,58.956139047726765,65.96714280447601
97,2012-07-05,2023-02-10,2023-02-13,2023-02-21,372.57142857142856,406.2856138235761,345.01670187351607,372.81384452371174,352.9453648158482,383.4154506762643,352.9993192613203,383.15521929181165
98,2012-07-05,2023-02-21,2023-02-22,2023-03-02,402.85714285714283,408.650741552525,170.47079172528103,196.93796665857582,246.7728271484375,280.92726201599953,268.31144476919866,296.64259878501474
99,2012-07-05,2023-03-02,2023-03-03,2023-03-13,207.28571428571428,241.04030486918276,129.71641939012648,144.830581248338,89.84099469866071,111.64609477544015,85.41639251035265,97.03606682997074
100,2012-07-05,2023-03-13,2023-03-14,2023-03-22,109.28571428571429,111.29433306071145,79.73829125711619,108.7440348156661,145.41873604910714,147.9960205898364,143.07398609535986,147.38086225218643
101,2012-07-05,2023-03-22,2023-03-23,2023-03-31,78.42857142857143,88.02678163896647,164.2597435052237,184.77981105812918,135.84347098214286,154.15576150284625,119.9058033468875,140.1520974968667
102,2012-07-05,2023-03-31,2023-04-03,2023-04-13,85.57142857142857,103.13998808831201,90.86224796518066,120.34187275550546,60.224783761160715,69.04364393269863,57.355850481716125,66.38479871443829
103,2012-07-05,2023-04-13,2023-04-14,2023-04-24,116.85714285714286,134.20985699376075,121.53740647915467,144.44246278490613,137.05156598772322,150.48009374441807,149.62576004539332,160.30602278438565
104,2012-07-05,2023-04-24,2023-04-25,2023-05-04,44.57142857142857,48.910997886832305,73.36923187470724,78.41427751472072,82.27015904017857,93.73563093994099,74.72832753947516,85.36468089825316
105,2012-07-05,2023-05-04,2023-05-05,2023-05-16,218.0,221.82361074897838,199.23189925894317,206.54573182936863,134.95854840959822,141.10042533387463,145.25332418524954,152.81402298212643
106,2012-07-05,2023-05-16,2023-05-17,2023-05-25,335.85714285714283,346.62886698682706,256.28995913639244,276.679183521274,298.1578369140625,311.5466085781683,303.0765113894176,316.09198067595804
107,2012-07-05,2023-05-25,2023-05-26,2023-06-06,115.0,119.49118317743304,151.44759231251095,188.19413793772813,134.23014613560267,143.05934987714534,118.72733606331323,125.09344947947915
108,2012-07-05,2023-06-06,2023-06-07,2023-06-15,89.71428571428571,104.48513223010659,74.93027170985853,89.94840056518164,101.02743094308036,121.96903406817623,85.08513739774874,106.06510282880296
109,2012-07-05,2023-06-15,2023-06-16,2023-06-26,120.57142857142857,140.195781473114,173.12523092117786,200.1205624539234,118.31748744419643,141.05710006160137,122.19662237097246,151.0404606488254
110,2012-07-05,2023-06-26,2023-06-27,2023-07-05,91.57142857142857,104.92378186092989,102.62463927011163,122.22286255254153,86.11525181361607,102.39270210565779,88.69199428328906,104.59569297880384
111,2012-07-05,2023-07-05,2023-07-06,2023-07-14,79.57142857142857,90.7028114227999,56.281686092126506,68.24243181356029,51.907749720982146,58.111558935934376,60.58218888373468,65.44411015107197
112,2012-07-05,2023-07-14,2023-07-17,2023-07-25,116.57142857142857,130.3007510119789,187.5094442042625,194.46213474757724,124.38369315011161,135.16112372893235,116.5040207779039,129.24261731485203
113,2012-07-05,2023-07-25,2023-07-26,2023-08-03,27.428571428571427,35.11613385814072,36.50153107288371,42.06483876448549,71.54445103236607,75.72786772889003,70.69234377036166,76.74260638772033
114,2012-07-05,2023-08-03,2023-08-04,2023-08-14,69.0,75.77692826410198,94.39212341335428,102.21637135602421,79.43038504464286,86.71544225646421,67.50014558877676,73.69531662473108
115,2012-07-05,2023-08-14,2023-08-15,2023-08-23,118.0,123.42030395591898,117.7941934906065,128.65384205418795,147.44918387276786,148.83993967176835,166.66321786559692,169.7792073743967
116,2012-07-05,2023-08-23,2023-08-24,2023-09-04,96.28571428571429,118.74823306956132,98.79904870313115,121.88711008930065,82.94965471540179,98.33978481528531,88.48552748890522,101.35964004419569
117,2012-07-05,2023-09-04,2023-09-05,2023-09-13,318.14285714285717,319.6254504438415,222.81014622524683,230.0920809227123,313.67136928013394,318.5787343787595,312.9121917635048,318.30888898220815
118,2012-07-05,2023-09-13,2023-09-14,2023-09-22,223.14285714285714,234.21479762938,82.29997787624234,89.30644919803467,196.207763671875,200.60138452372482,186.27323463330748,195.09537980741695
119,2012-07-05,2023-09-22,2023-09-25,2023-10-03,199.57142857142858,206.8847159997222,164.04448634813838,193.95329456590073,198.78632463727678,215.9338054032112,227.72412490791643,241.522415693423
120,2012-07-05,2023-10-03,2023-10-04,2023-10-12,117.57142857142857,121.08025673671398,163.29916788167557,170.04267675235428,230.58297293526786,235.139744119957,243.97171491980023,248.05431673959083
121,2012-07-05,2023-10-12,2023-10-13,2023-10-23,407.7142857142857,465.67646647492444,318.88562265528196,358.69554733894057,357.60902622767856,396.6944430738138,369.3187435251134,409.57658876290935
122,2012-07-05,2023-10-23,2023-10-24,2023-11-01,212.28571428571428,281.06989471354933,247.16506409937568,262.65203885894135,215.89726911272322,242.71963271246355,225.64623368554456,254.8237285165257
123,2012-07-05,2023-11-01,2023-11-02,2023-11-10,213.71428571428572,218.82674164083068,193.90696009116525,216.67517563586506,310.19557407924106,312.3575763518089,304.73390213190436,307.858320589137
124,2012-07-05,2023-11-10,2023-11-13,2023-11-21,542.7142857142857,640.3357378304424,464.4063227504404,574.2635599366071,534.790265764509,630.025693886569,534.8155586785757,627.2034800895387
125,2012-07-05,2023-11-21,2023-11-22,2023-11-30,757.5714285714286,922.5756647250442,805.5499128673719,905.2562463237675,676.0455671037946,847.5608779393477,724.0460570285261,887.4357235304757
126,2012-07-05,2023-11-30,2023-12-01,2023-12-11,515.8571428571429,568.5313158858157,499.0775135204006,683.6712989785038,340.0096958705357,371.3015436267951,317.49776792496584,344.3423171631303
127,2012-07-05,2023-12-11,2023-12-12,2023-12-20,260.2857142857143,285.3253781712581,214.1826759913625,227.64980363373985,145.50898088727678,149.83456998696727,130.50837662877623,140.47817438588206
128,2012-07-05,2023-12-20,2023-12-21,2024-01-08,576.8571428571429,606.2995487852047,359.9531830073949,404.77640788978937,383.44290597098217,409.7965305755415,417.76222562869583,448.2803618052725
129,2012-07-05,2024-01-08,2024-01-09,2024-01-17,180.0,236.65647194675603,275.4950446376825,283.6743462047989,143.89800153459822,165.07486552352756,146.95985261172132,168.72279153448696
130,2012-07-05,2024-01-17,2024-01-18,2024-01-26,82.71428571428571,90.58776328590334,222.48110132968722,259.7160343013765,176.28280203683036,189.9569443340288,166.07410595018376,180.55560050271356
131,2012-07-05,2024-01-26,2024-01-29,2024-02-06,117.57142857142857,130.49083164290562,93.29186380830869,97.75728379660039,55.8692626953125,80.01060989280855,71.56190934586486,85.44930456320805
132,2012-07-05,2024-02-06,2024-02-07,2024-02-15,173.0,189.16923639957952,180.52009237059568,208.61848952935898,178.78555733816964,204.40607291605068,175.86217110859252,206.10174671824663
133,2012-07-05,2024-02-15,2024-02-16,2024-02-26,426.0,436.0717503216316,460.90215199689766,472.1807937181732,392.397216796875,400.82851027153515,385.2200828493529,394.14405571968405
134,2012-07-05,2024-02-26,2024-02-27,2024-03-06,194.85714285714286,222.84972515127768,286.96048271417266,320.9446941320689,323.42306082589283,327.83977294326877,333.88199439639317,336.94326803217643
135,2012-07-05,2024-03-06,2024-03-07,2024-03-15,167.0,198.1114405003983,140.93408866405517,157.46753589365593,196.22837611607142,233.05532302817838,215.98760721921136,248.72837262298978
136,2012-07-05,2024-03-15,2024-03-18,2024-03-26,523.0,526.3129161575704,267.59017496004566,282.35593467645504,367.0760498046875,371.78947349221284,391.8004752229829,398.4314632355069
137,2012-07-05,2024-03-26,2024-03-27,2024-04-08,144.71428571428572,177.4030922584416,215.91564567892812,252.8233808909954,185.72980608258928,201.27830860485437,195.95498486104572,216.7501771517941
138,2012-07-05,2024-04-08,2024-04-09,2024-04-17,161.85714285714286,200.22665728047872,214.89932010045843,259.444500342062,256.44327218191967,295.77001022506545,244.78100240893514,282.0475508849697
139,2012-07-05,2024-04-17,2024-04-18,2024-04-26,228.42857142857142,266.91598464150263,239.57269667106496,281.43345105848493,228.65068708147322,250.95770790903606,254.77134049522675,273.4150688518284
140,2012-07-05,2024-04-26,2024-04-29,2024-05-08,308.7142857142857,342.28455163170054,352.2977417359242,406.9168414058739,228.81161063058036,250.9439031633719,238.40032228613157,259.68544399775595
141,2012-07-05,2024-05-08,2024-05-09,2024-05-17,179.57142857142858,211.01218651334537,174.46128747211836,214.96470871274286,131.64273507254464,176.71104036597794,108.21790014787744,143.0581558321429
142,2012-07-05,2024-05-17,2024-05-20,2024-05-29,44.57142857142857,54.96492388007881,138.92882394161595,147.36633581452293,75.55001395089286,87.19733437225896,87.00806782858434,94.86200352979652
143,2012-07-05,2024-05-29,2024-05-30,2024-06-07,72.85714285714286,81.29487771598616,129.5712654563467,134.30704411653605,85.91376604352679,93.19475426997856,80.83652956675529,85.75777973959943
144,2012-07-05,2024-06-07,2024-06-10,2024-06-18,73.28571428571429,92.21945874612673,114.3986461771404,144.84041454418215,185.26273018973214,187.5984278089745,211.35283633361624,213.02768861779515
145,2012-07-05,2024-06-18,2024-06-19,2024-06-27,106.0,119.78552261676462,101.12276685884159,107.57146755039666,138.79603794642858,157.35784955803638,153.0577611447455,165.3620291180111
146,2012-07-05,2024-06-27,2024-06-28,2024-07-08,110.85714285714286,138.6001443000692,146.03430000103708,172.71789673245632,94.30460030691964,99.29985176477862,81.60941057234615,85.37760768929266
147,2012-07-05,2024-07-08,2024-07-09,2024-07-17,79.0,89.20842368937396,63.29839158855436,84.84829559312533,64.65007672991071,67.10416613026804,91.05535328182044,99.54608444622554
148,2012-07-05,2024-07-17,2024-07-18,2024-07-26,159.0,162.1590929567979,103.01174517460264,106.48620001568668,178.20291573660714,182.62864607479332,161.98559025993413,166.94724178830373
149,2012-07-05,2024-07-26,2024-07-29,2024-08-06,41.714285714285715,53.8914252389535,38.229529731796774,47.346498192917004,73.64535086495536,88.07488035513992,78.9315574028307,94.86967313982446
150,2012-07-05,2024-08-06,2024-08-07,2024-08-15,51.714285714285715,62.468277663832815,59.86296055683598,66.11151203372954,53.308680943080354,61.60549695441668,46.67232764613008,52.92021722717451
151,2012-07-05,2024-08-15,2024-08-16,2024-08-27,134.14285714285714,141.89684381872024,125.04683437437903,140.54790034461885,74.38253348214286,81.62713163100705,68.48195828919977,80.5157563245497
152,2012-07-05,2024-08-27,2024-08-28,2024-09-05,77.57142857142857,100.63725524306167,89.65448513189793,104.87129295996387,48.531197684151785,58.30281185864882,37.70581139744484,42.77691301436788
153,2012-07-05,2024-09-05,2024-09-06,2024-09-16,67.57142857142857,78.01556621231798,137.2988042577678,170.2772643244116,133.12229701450892,153.5138736073267,134.96817806709197,154.6507835221388
154,2012-07-05,2024-09-16,2024-09-17,2024-09-25,107.57142857142857,126.76581332745603,134.77771173595548,183.4666291618962,148.0723876953125,176.90048472197802,149.2140531358778,177.53431173262823
155,2012-07-05,2024-09-25,2024-09-26,2024-10-04,202.42857142857142,209.11889987687454,108.01972560413908,134.14275710508247,97.65384347098214,106.5617663656678,89.93387303337747,100.14630706590957
156,2012-07-05,2024-10-04,2024-10-07,2024-10-15,287.2857142857143,292.6687547381852,183.11663172247106,205.5176214950316,287.49998256138394,300.0655189055658,293.87719700230616,307.3542109979505
157,2012-07-05,2024-10-15,2024-10-16,2024-10-24,143.57142857142858,161.94311170460887,60.04359497287611,71.9183887798516,142.55079868861608,156.66648962467403,140.5073228216126,158.07624591357973
158,2012-07-05,2024-10-24,2024-10-25,2024-11-04,125.85714285714286,157.85300576349957,146.0666131711633,175.42797754368524,112.83623395647321,137.2197371692158,102.08921631628644,125.73363025288262
159,2012-07-05,2024-11-04,2024-11-05,2024-11-13,184.42857142857142,219.2060348491476,165.4379339866867,193.7460397820596,163.71930803571428,184.4061090642232,156.3852971172386,180.61185780919402
160,2012-07-05,2024-11-13,2024-11-14,2024-11-22,237.42857142857142,241.5385210330997,173.45495647841446,195.13727320470414,343.7405482700893,349.2757796857819,320.9234441028067,324.1489069704135
161,2012-07-05,2024-11-22,2024-11-25,2024-12-03,276.42857142857144,289.8765747200497,109.49771454490065,172.14058694351093,170.9197998046875,182.81546327432594,162.78977213987974,173.1456148805736
162,2012-07-05,2024-12-03,2024-12-04,2024-12-12,118.42857142857143,123.48221387251341,50.955851083337556,55.63740717749647,37.361319405691965,49.6232377909177,42.43210113325857,54.34614758394932
163,2012-07-05,2024-12-12,2024-12-13,2024-12-23,31.142857142857142,33.78080604637576,66.6595923908978,82.51727402841085,25.634774344308035,31.403725794031228,30.28239787531254,35.48126826911185
164,2012-07-05,2024-12-23,2024-12-24,2025-01-09,26.285714285714285,33.40230958652838,40.04473078298281,53.497333875902825,26.990208217075892,34.768748497607504,25.175375441340098,32.45893021882261
165,2012-07-05,2025-01-09,2025-01-10,2025-01-20,227.85714285714286,233.37492826534975,259.04958674517286,260.5093037314009,222.5383562360491,230.49784447730494,226.39955240756603,233.7659758239366
166,2012-07-05,2025-01-20,2025-01-21,2025-01-29,89.71428571428571,112.49380935348017,95.54272898415591,103.157917234488,94.176513671875,112.34735971257426,105.57365937846146,122.07152869746459
167,2012-07-05,2025-01-29,2025-01-30,2025-02-07,40.714285714285715,48.77206460376971,56.45932640344261,75.72039479946643,56.474740164620535,68.40128772745241,70.95928639651727,82.9716894948888
168,2012-07-05,2025-02-07,2025-02-10,2025-02-18,219.0,231.67187387090635,188.94281659993598,196.0159602967499,202.15168980189733,213.57197213092476,196.56854076476407,209.10088376004595
169,2012-07-05,2025-02-18,2025-02-19,2025-02-27,281.0,283.36372386034174,163.18748369356243,169.67190104610242,249.11773681640625,255.81239297555027,231.7001775742618,241.85993944120057
170,2012-07-05,2025-02-27,2025-02-28,2025-03-21,285.2857142857143,309.83474858151635,259.5475810105968,297.53232293336,307.18824986049106,333.7320537118145,298.7108427901622,326.42832714521774
